USER_ID,SONG_ID,GUESS,RATING,TIME
3746924,74,1,3,21884
3746924,45,0,3,12490
3746924,87,1,3,10204
3746924,12,1,3,8396
3746924,11,1,4,9990
3746924,1,0,4,5945
3746924,60,1,3,5496
3746924,90,0,3,11314
3746924,100,0,3,7377
3746924,26,1,3,5189
1837061,95,1,3,48616
1837061,74,1,4,28240
1837061,39,0,5,7256
1837061,104,0,4,18113
1837061,72,1,3,20858
1837061,28,0,5,11053
1837061,20,0,3,18433
1837061,33,0,5,5095
1837061,103,0,4,7497
1837061,89,0,5,4537
4473325,74,1,1,31046
4473325,104,0,4,24120
4473325,15,1,2,24941
4473325,73,1,2,19111
4473325,53,1,2,13158
4473325,98,0,3,12169
4473325,92,0,3,17216
4473325,18,1,4,11147
4473325,88,0,4,17226
4473325,81,1,1,16878
4383430,3,1,5,13598
4383430,64,0,4,10813
4383430,6,1,1,8733
4383430,96,0,5,5796
4383430,7,1,3,5205
4383430,43,1,4,5148
4383430,42,1,4,1808
4383430,33,0,3,2131
4383430,20,0,3,1624
4383430,103,0,3,1689
4834626,9,1,1,32709
4834626,64,1,2,32164
4834626,31,0,3,24198
4834626,17,1,3,32863
4834626,30,0,4,28092
4834626,7,1,4,27635
4834626,78,1,3,15800
4834626,24,0,3,13374
4834626,86,1,2,6319
4834626,60,1,2,8445
6212153,44,0,3,11938
6212153,35,0,3,7463
6212153,7,1,3,5074
6212153,97,1,3,7698
6212153,96,1,3,4504
6212153,15,0,4,3130
6212153,40,0,3,5761
6212153,81,0,4,3889
6212153,47,1,2,2995
6212153,26,0,3,3093
2679549,94,1,3,26616
2679549,47,0,3,19354
2679549,60,1,4,24289
2679549,19,0,2,12247
2679549,65,1,1,31280
2679549,96,1,3,598055
2679549,102,2,3,8785
2679549,72,1,2,20478
2679549,85,0,3,8602
2679549,37,0,2,13860
4134416,5,1,2,85308
4134416,27,1,3,18320
4134416,37,0,4,28385
4134416,57,1,1,22868
4134416,29,0,4,32140
4134416,15,1,5,23576
4134416,82,0,3,37992
4134416,33,2,4,24360
4134416,56,1,1,25292
4134416,42,0,2,37191
1796985,38,1,4,12648
1796985,60,1,2,9405
1796985,44,0,4,8336
1796985,6,0,2,8571
1796985,28,0,4,6287
1796985,3,1,2,8913
1796985,62,1,2,7735
1796985,57,0,2,5702
1796985,23,1,2,15635
1796985,100,0,4,7456
6762753,48,1,3,32913
6762753,85,0,4,15697
6762753,17,1,3,27983
6762753,46,0,3,13709
6762753,40,0,3,42148
6762753,7,1,4,19604
6762753,101,0,3,63398
6762753,51,0,2,59905
6762753,49,1,4,9654
6762753,93,1,3,15279
8204438,67,1,2,33793
8204438,16,1,2,29921
8204438,85,0,4,19568
8204438,77,1,2,20390
8204438,3,0,4,18432
8204438,24,0,4,16359
8204438,99,0,5,16355
8204438,18,0,5,12748
8204438,14,0,4,25359
8204438,102,1,2,11864
9193645,51,2,3,65997
9193645,76,1,3,36084
9193645,42,0,2,35058
9193645,27,0,4,15667
9193645,90,1,2,19243
9193645,102,1,2,27522
9193645,77,0,3,31789
9193645,4,0,4,24834
9193645,83,0,4,7770
9193645,69,1,3,11160
9244726,89,1,3,25942
9244726,57,1,1,35111
9244726,70,1,2,35368
9244726,63,0,3,31728
9244726,103,0,3,36728
9244726,100,1,3,43720
9244726,47,0,3,41640
9244726,52,0,4,36137
9244726,50,0,4,28448
9244726,95,0,2,53840
1849454,67,0,2,34604
1849454,3,1,3,9345
1849454,71,0,4,19538
1849454,93,1,5,9002
1849454,11,0,1,45953
1849454,2,1,4,26435
1849454,39,0,4,10664
1849454,59,1,4,15154
1849454,84,0,4,19912
1849454,53,1,4,11445
4637601,39,0,4,66154
4637601,66,1,2,28832
4637601,21,0,4,14723
4637601,98,0,5,24697
4637601,61,1,1,7108
4637601,40,0,4,16546
4637601,94,1,2,23017
4637601,64,0,4,20618
4637601,44,1,2,12365
4637601,68,1,2,14603
6219956,44,0,5,31400
6219956,82,0,4,37020
6219956,35,1,4,39924
6219956,91,1,4,33969
6219956,9,0,5,33738
6219956,36,1,2,33121
6219956,47,1,2,35001
6219956,71,1,3,36263
6219956,93,1,1,35748
6219956,12,0,4,33378
4158419,70,1,3,84812
4158419,43,0,4,27098
4158419,77,1,3,19005
4158419,94,1,4,33982
4158419,54,1,2,27319
4158419,7,0,4,25053
4158419,97,1,2,44635
4158419,8,0,4,24700
4158419,46,0,4,33601
4158419,68,1,3,31849
8972411,16,1,3,16373
8972411,37,0,4,14233
8972411,70,1,1,150426
8972411,69,1,2,5371
8972411,80,1,4,144882
8972411,62,1,1,5990
8972411,104,0,3,9137
8972411,3,1,2,5825
8972411,73,1,2,10190
8972411,60,1,2,8195
8813192,91,1,2,19594
8813192,37,0,4,13998
8813192,94,1,3,31000
8813192,51,0,4,15670
8813192,58,1,1,16110
8813192,22,1,2,23942
8813192,17,1,3,16312
8813192,89,0,3,16700
8813192,45,0,3,23412
8813192,68,1,3,20738
7903788,5,0,3,29912
7903788,94,1,3,14765
7903788,67,0,3,9223
7903788,51,0,3,5216
7903788,70,0,3,9574
7903788,93,1,3,8210
7903788,77,0,3,2769
7903788,35,0,3,3520
7903788,92,0,3,1766
7903788,104,0,3,1958
5466869,66,0,2,49452
5466869,63,1,2,24219
5466869,23,0,4,24299
5466869,67,0,3,25269
5466869,46,1,3,11849
5466869,4,1,3,21932
5466869,30,1,3,8914
5466869,60,0,2,13209
5466869,98,0,3,24005
5466869,26,0,2,18325
6399601,42,0,4,20296
6399601,15,1,4,19525
6399601,79,0,4,32419
6399601,36,0,5,21020
6399601,41,0,5,13684
6399601,57,1,3,17282
6399601,65,1,2,13214
6399601,76,1,5,25472
6399601,87,0,4,13003
6399601,45,0,4,25408
4792004,9,0,5,60342
4792004,43,1,3,9719
4792004,8,1,3,24527
4792004,48,1,2,14753
4792004,74,1,3,57825
4792004,88,0,3,83699
4792004,87,0,4,21519
4792004,98,0,3,34799
4792004,45,0,3,46985
4792004,72,0,4,901240
6720457,76,1,3,38217
6720457,73,1,2,24056
6720457,101,0,3,20442
6720457,4,2,2,27397
6720457,41,2,4,22839
6720457,78,0,2,15425
6720457,36,0,3,22527
6720457,45,1,3,32784
6720457,43,1,2,14720
6720457,94,0,4,17992
7174345,31,0,4,13609
7174345,100,1,3,14012
7174345,55,1,3,5846
7174345,84,0,3,4551
7174345,8,1,3,8214
7174345,39,1,3,4530
7174345,57,1,3,5102
7174345,56,1,3,6633
7174345,44,0,3,6765
7174345,49,0,3,3454
4388382,68,0,4,30411
4388382,44,0,4,33116
4388382,78,0,2,17249
4388382,16,0,3,23967
4388382,67,1,3,18906
4388382,7,2,3,32320
4388382,97,1,2,37574
4388382,12,2,3,25977
4388382,59,1,2,19200
4388382,73,1,3,52802
5396336,37,0,3,39027
5396336,13,1,2,27996
5396336,56,1,2,41672
5396336,99,1,2,35302
5396336,75,0,4,28915
5396336,42,0,4,22836
5396336,44,0,4,30287
5396336,41,0,3,12983
5396336,58,1,2,19570
5396336,2,0,4,24870
9682942,35,1,3,73975
9682942,66,1,2,74890
9682942,24,0,4,34429
9682942,48,0,4,35660
9682942,57,1,3,35399
9682942,8,0,4,31332
9682942,99,1,4,38176
9682942,90,1,4,71808
9682942,46,0,2,37824
9682942,89,0,5,34666
5436764,93,1,1,53505
5436764,101,1,2,34231
5436764,42,0,4,23670
5436764,41,0,2,73590
5436764,36,1,3,106049
5436764,64,1,2,53391
5436764,27,0,5,26058
5436764,17,0,3,53699
5436764,98,1,2,66036
5436764,12,0,3,33755
8067448,66,1,3,22583
8067448,56,0,4,8566
8067448,39,0,5,6018
8067448,8,0,5,42831
8067448,100,1,4,7319
8067448,68,0,4,9243
8067448,17,1,2,5763
8067448,36,0,4,9239
8067448,48,0,4,6894
8067448,19,1,2,6621
2591363,42,1,4,29869
2591363,55,1,2,26863
2591363,74,0,1,28721
2591363,58,1,1,29168
2591363,102,0,4,35968
2591363,25,1,3,28015
2591363,94,0,4,17888
2591363,104,1,4,36105
2591363,17,0,2,23624
2591363,38,0,3,34207
9070370,26,1,2,39781
9070370,64,1,3,28265
9070370,63,1,2,26742
9070370,23,1,4,34480
9070370,41,0,3,35006
9070370,104,0,3,19971
9070370,20,1,2,14012
9070370,21,1,3,27034
9070370,83,0,3,32191
9070370,8,1,3,27046
4557342,2,1,1,60018
4557342,78,0,3,16813
4557342,6,1,3,19690
4557342,68,0,4,9574
4557342,5,1,4,16855
4557342,13,0,4,11851
4557342,66,0,3,14814
4557342,17,0,3,22632
4557342,39,1,5,30760
4557342,80,1,3,28142
6645484,49,1,2,20341
6645484,44,1,4,43452
6645484,2,0,2,14502
6645484,36,0,3,32205
6645484,70,1,1,32090
6645484,59,1,1,29176
6645484,74,0,1,26260
6645484,21,0,5,31114
6645484,91,0,1,35923
6645484,55,1,3,33475
7509661,34,0,4,23878
7509661,19,1,2,8835
7509661,53,1,1,9642
7509661,55,1,2,11967
7509661,9,1,2,11549
7509661,96,0,3,14814
7509661,23,0,3,14098
7509661,86,0,2,53904
7509661,44,0,4,13411
7509661,77,1,2,30800
7579687,62,1,2,18290
7579687,1,0,3,25968
7579687,40,0,4,19612
7579687,104,1,2,22534
7579687,26,0,4,16106
7579687,53,1,1,12050
7579687,54,1,2,14704
7579687,43,0,4,20384
7579687,93,0,3,32176
7579687,23,0,5,11922
2768840,11,1,2,34681
2768840,77,1,4,35976
2768840,80,0,5,37079
2768840,23,1,3,19886
2768840,54,1,5,17358
2768840,100,0,5,27830
2768840,6,0,4,12931
2768840,27,1,5,17570
2768840,95,0,5,25756
2768840,88,0,5,28431
4263769,71,1,3,19089
4263769,3,1,4,18513
4263769,47,0,5,13154
4263769,77,1,5,28583
4263769,8,1,3,16537
4263769,68,1,4,8533
4263769,63,0,5,11079
4263769,52,0,5,10842
4263769,58,1,4,13555
4263769,39,0,5,16815
2026835,79,1,2,36297
2026835,10,0,4,20409
2026835,73,1,1,15764
2026835,25,0,3,171411
2026835,101,0,3,40323
2026835,98,0,4,19284
2026835,30,0,4,133219
2026835,61,1,2,11303
2026835,27,1,3,15747
2026835,75,0,2,22246
3987199,8,1,1,24171
3987199,5,1,2,11760
3987199,13,0,2,22137
3987199,70,0,2,15852
3987199,20,1,1,15352
3987199,94,0,3,10072
3987199,4,0,2,9656
3987199,50,0,3,20881
3987199,34,0,4,24978
3987199,18,0,2,51559
9869765,69,2,2,67909
9869765,18,0,4,20467
9869765,83,0,5,16022
9869765,77,1,3,13545
9869765,101,0,4,20286
9869765,32,2,5,21599
9869765,21,1,3,35604
9869765,102,0,5,20711
9869765,84,0,4,11886
9869765,72,1,2,25244
4154169,31,0,3,70598
4154169,53,1,2,26681
4154169,102,1,4,64981
4154169,49,1,3,73533
4154169,51,0,4,37057
4154169,2,0,1,42764
4154169,38,1,2,33587
4154169,89,0,3,42523
4154169,85,0,4,11432
4154169,32,1,4,45475
1566729,104,1,3,40230
1566729,61,1,4,42999
1566729,67,0,4,18839
1566729,94,0,4,37835
1566729,96,1,3,34036
1566729,70,1,3,33867
1566729,46,0,3,62939
1566729,26,0,3,40312
1566729,40,0,4,40029
1566729,98,0,3,52265
8775543,7,1,3,23388
8775543,13,1,4,8775
8775543,1,1,3,9887
8775543,96,1,4,26398
8775543,33,0,3,13285
8775543,88,1,3,31970
8775543,73,1,3,9606
8775543,63,0,3,9658
8775543,39,1,3,6567
8775543,5,0,3,9473
9891782,36,1,2,26261
9891782,50,0,4,20928
9891782,3,1,1,7427
9891782,77,1,1,8921
9891782,90,1,3,18281
9891782,38,1,2,23172
9891782,74,1,2,12558
9891782,18,1,2,6943
9891782,72,1,2,6686
9891782,11,1,2,11548
1410607,65,1,2,50197
1410607,63,1,3,22870
1410607,25,0,5,23465
1410607,17,0,5,23314
1410607,93,1,3,27853
1410607,5,1,4,25706
1410607,9,0,5,14619
1410607,45,0,4,29393
1410607,95,1,3,11037
1410607,36,0,5,18486
2279609,35,1,3,44286
2279609,96,0,3,35945
2279609,54,1,4,26541
2279609,28,0,3,14772
2279609,71,1,4,15873
2279609,52,0,3,17865
2279609,73,1,4,18897
2279609,62,1,2,25000
2279609,30,1,3,14504
2279609,42,0,3,15372
3098738,52,1,3,62407
3098738,81,1,2,26631
3098738,23,0,4,34481
3098738,10,0,4,26353
3098738,43,1,3,30890
3098738,59,1,2,16774
3098738,78,0,3,39696
3098738,5,0,4,32209
3098738,87,0,4,60389
3098738,48,0,4,34654
1997005,18,0,4,16070
1997005,61,1,3,14853
1997005,49,0,4,17702
1997005,73,0,3,11239
1997005,98,0,5,17138
1997005,42,0,5,12472
1997005,51,0,4,12519
1997005,69,1,4,8766
1997005,103,1,4,12842
1997005,11,0,2,10035
9284777,10,0,4,18253
9284777,82,1,1,28234
9284777,65,1,3,19043
9284777,86,0,3,35846
9284777,24,0,3,37120
9284777,59,1,1,34842
9284777,90,0,3,41918
9284777,14,1,3,30041
9284777,95,1,1,54134
9284777,57,0,2,53001
2567839,84,0,3,25948
2567839,81,1,3,8631
2567839,37,0,3,25833
2567839,94,0,3,13335
2567839,20,1,3,32703
2567839,83,0,4,10016
2567839,21,1,4,22212
2567839,95,0,2,29521
2567839,66,1,4,21583
2567839,79,0,3,25670
5721756,14,2,3,45018
5721756,5,1,3,10431
5721756,22,1,5,8744
5721756,96,0,1,16415
5721756,50,0,1,7729
5721756,38,0,1,12528
5721756,25,0,1,6136
5721756,16,0,5,3624
5721756,92,1,2,11063
5721756,69,0,5,2920
6749186,76,1,2,33866
6749186,58,1,3,37848
6749186,22,0,3,36250
6749186,74,1,3,53699
6749186,54,0,3,37360
6749186,40,0,4,35192
6749186,80,0,5,37351
6749186,38,0,4,38746
6749186,53,0,3,145631
6749186,28,1,3,34015
5229825,14,0,2,64741
5229825,15,1,1,24057
5229825,97,1,2,46195
5229825,86,0,5,36245
5229825,67,0,3,36663
5229825,104,0,4,33182
5229825,39,0,4,36596
5229825,53,1,3,38339
5229825,73,1,4,22772
5229825,87,0,4,23254
4661996,59,1,3,45532
4661996,17,1,3,72812
4661996,91,1,3,33401
4661996,81,1,3,69661
4661996,7,0,3,29814
4661996,62,1,3,85748
4661996,83,1,3,35975
4661996,42,0,3,22470
4661996,51,0,3,18136
4661996,60,1,3,14465
7354715,12,1,3,18787
7354715,44,0,3,45353
7354715,103,0,3,25536
7354715,66,1,3,16863
7354715,62,1,3,8511
7354715,42,1,3,24993
7354715,85,0,3,36127
7354715,104,0,3,33759
7354715,100,1,3,10504
7354715,81,1,3,18912
3511193,55,1,1,39255
3511193,84,1,3,30864
3511193,57,0,2,37635
3511193,11,0,2,26405
3511193,68,1,3,38578
3511193,88,0,2,35728
3511193,52,0,2,34514
3511193,9,0,2,36745
3511193,12,1,2,20434
3511193,75,1,2,13153
9990600,100,0,2,57541
9990600,16,1,2,43411
9990600,76,1,2,35588
9990600,21,0,3,42127
9990600,24,1,2,32622
9990600,61,1,2,38895
9990600,40,0,3,25387
9990600,36,0,3,35521
9990600,98,0,2,40464
9990600,103,1,2,41766
4815028,2,1,5,18939
4815028,8,1,5,9542
4815028,43,1,5,124143
4815028,33,0,3,11968
4815028,44,0,4,11559
4815028,23,1,5,28503
4815028,54,1,5,13135
4815028,100,0,4,7464
4815028,92,0,2,7376
4815028,21,1,4,9295
6648203,47,1,3,21562
6648203,59,1,2,34286
6648203,89,0,4,11681
6648203,97,1,2,29585
6648203,84,0,4,32310
6648203,65,1,2,16608
6648203,93,0,4,8491
6648203,40,0,4,10241
6648203,98,0,4,39299
6648203,94,0,4,10295
1895582,22,1,3,23172
1895582,84,0,3,12494
1895582,61,1,3,10096
1895582,42,0,3,4576
1895582,34,0,3,9448
1895582,6,1,3,5912
1895582,46,0,3,11698
1895582,90,1,3,7878
1895582,73,1,3,7904
1895582,47,1,3,6848
8443416,9,0,5,51518
8443416,95,1,2,43663
8443416,33,0,4,40610
8443416,80,1,2,38744
8443416,43,1,3,31181
8443416,59,1,3,37713
8443416,66,1,2,39692
8443416,19,0,3,19895
8443416,96,0,3,117625
8443416,27,0,4,36295
6464223,22,1,3,43938
6464223,60,1,2,37392
6464223,59,1,4,31768
6464223,80,0,4,30354
6464223,31,0,5,12826
6464223,8,0,5,23746
6464223,26,2,4,35308
6464223,38,0,5,23782
6464223,3,0,4,12184
6464223,78,1,2,13528
7697551,91,1,2,15038
7697551,82,0,5,26000
7697551,74,1,3,17668
7697551,86,0,5,21352
7697551,29,0,5,18744
7697551,62,1,4,30740
7697551,12,0,5,49199
7697551,9,0,5,29932
7697551,93,1,3,22026
7697551,18,1,4,25351
9136000,68,1,1,25074
9136000,18,0,1,30680
9136000,62,1,2,30136
9136000,92,0,4,27104
9136000,71,1,1,27602
9136000,15,0,4,23586
9136000,74,1,2,43276
9136000,39,0,5,11396
9136000,91,0,4,24400
9136000,78,1,3,121282
2601451,88,1,2,37203
2601451,20,1,2,87484
2601451,43,1,2,11567
2601451,101,0,5,6162
2601451,46,0,5,11104
2601451,69,1,2,5159
2601451,41,0,4,20392
2601451,63,1,2,7375
2601451,93,1,2,6470
2601451,3,1,3,8103
2637400,80,0,1,61942
2637400,97,0,1,26158
2637400,49,0,1,90700
2637400,72,1,4,22794
2637400,28,1,2,17348
2637400,22,1,4,22121
2637400,31,0,4,20705
2637400,39,0,4,12906
2637400,44,1,3,11968
2637400,103,0,4,14925
7759400,28,1,3,33447
7759400,13,2,-1,51501
7759400,31,0,4,31394
7759400,36,0,3,34004
7759400,89,0,5,18474
7759400,60,1,3,12114
7759400,5,1,4,25625
7759400,71,0,4,13446
7759400,59,1,2,14381
7759400,103,0,4,23364
1919131,4,1,4,54960
1919131,69,1,4,14010
1919131,3,1,3,11416
1919131,24,1,3,11647
1919131,20,1,4,11812
1919131,104,1,4,17089
1919131,101,0,4,10543
1919131,59,1,3,9572
1919131,15,1,4,7116
1919131,57,0,4,19781
9512346,50,1,2,21018
9512346,55,1,3,15151
9512346,98,1,2,25149
9512346,1,0,2,24581
9512346,69,1,3,10862
9512346,97,0,3,35161
9512346,18,0,3,15502
9512346,67,1,2,14656
9512346,43,0,4,18149
9512346,41,0,4,33104
4319714,21,0,3,27263
4319714,1,0,2,12544
4319714,31,0,4,22644
4319714,71,1,1,7155
4319714,50,0,2,12541
4319714,61,1,1,7061
4319714,55,1,2,15247
4319714,23,0,2,10290
4319714,33,0,3,13344
4319714,103,0,4,9103
8869661,44,0,4,17180
8869661,38,0,3,28706
8869661,29,1,1,8018
8869661,27,0,4,8736
8869661,79,0,4,10484
8869661,15,1,1,5149
8869661,99,1,1,5421
8869661,8,1,2,16479
8869661,42,0,4,6718
8869661,50,1,1,6340
1268761,98,0,5,137510
1268761,43,1,1,35907
1268761,32,0,2,35595
1268761,13,1,1,32384
1268761,104,0,5,70421
1268761,95,1,2,52880
1268761,55,1,2,44023
1268761,41,0,4,27461
1268761,53,0,3,36834
1268761,56,0,3,108284
3033199,49,0,4,40720
3033199,44,0,5,34956
3033199,18,1,2,34218
3033199,68,1,2,35504
3033199,13,1,2,21118
3033199,34,0,5,8464
3033199,86,1,5,13968
3033199,29,0,5,9048
3033199,23,1,4,11950
3033199,6,1,3,8038
2569528,41,1,3,8060
2569528,90,0,5,8040
2569528,5,1,2,5876
2569528,45,0,4,6652
2569528,100,0,4,30320
2569528,24,1,2,4660
2569528,21,1,2,5378
2569528,74,1,3,4760
2569528,7,1,3,4606
2569528,85,0,5,13216
5530327,98,1,2,39708
5530327,83,0,5,22135
5530327,14,0,3,24590
5530327,104,0,4,28387
5530327,49,1,3,12387
5530327,54,1,2,38947
5530327,9,0,3,22614
5530327,45,1,3,25191
5530327,56,0,5,18198
5530327,4,1,2,6295
2981586,87,1,1,48562
2981586,41,1,2,55236
2981586,24,1,1,28616
2981586,65,1,1,33258
2981586,22,1,1,29696
2981586,96,0,2,19470
2981586,99,1,1,10104
2981586,5,0,2,18760
2981586,28,1,2,37268
2981586,37,1,3,28940
8408131,65,1,2,34094
8408131,25,0,4,15612
8408131,40,0,5,13286
8408131,20,1,2,14352
8408131,29,1,4,21518
8408131,59,1,2,15052
8408131,12,0,3,15274
8408131,74,1,2,14694
8408131,91,1,2,12082
8408131,22,1,2,13150
6126990,25,0,5,25100
6126990,67,1,3,20983
6126990,72,1,1,27472
6126990,35,0,3,18521
6126990,100,1,2,19741
6126990,51,0,5,26422
6126990,78,1,1,18612
6126990,94,0,3,20081
6126990,32,0,3,21731
6126990,91,1,4,29529
3817149,94,1,4,77449
3817149,100,0,5,47887
3817149,14,0,4,58562
3817149,8,0,5,50806
3817149,48,0,4,140323
3817149,63,1,4,34684
3817149,99,1,4,42453
3817149,72,1,4,32694
3817149,69,1,4,68335
3817149,49,0,5,31777
1896882,39,0,5,40199
1896882,3,1,5,20667
1896882,103,1,5,31508
1896882,25,1,5,10852
1896882,84,1,4,50355
1896882,8,1,4,27403
1896882,4,0,4,41442
1896882,97,1,5,47857
1896882,55,1,5,21618
1896882,90,1,5,30172
1905554,76,1,1,15497
1905554,46,0,4,11985
1905554,56,1,2,7582
1905554,69,1,1,9031
1905554,18,1,2,14932
1905554,78,0,1,20887
1905554,99,1,1,13711
1905554,39,0,4,17739
1905554,81,1,1,7446
1905554,22,1,3,8848
1525304,47,1,2,55578
1525304,26,2,-1,68241
1525304,79,0,3,43772
1525304,48,2,-1,19539
1525304,43,1,3,32354
1525304,10,0,3,39427
1525304,53,1,3,46809
1525304,44,0,3,40021
1525304,8,1,1,28289
1525304,13,0,2,45183
4139672,67,1,2,35000
4139672,8,0,3,27770
4139672,21,0,3,36151
4139672,49,0,4,36803
4139672,93,1,2,31331
4139672,82,1,3,35342
4139672,31,1,3,34735
4139672,88,1,4,35462
4139672,86,0,2,35586
4139672,53,1,3,20448
5100410,8,0,5,17418
5100410,46,0,5,19990
5100410,39,0,5,15594
5100410,86,1,3,27426
5100410,12,0,4,32318
5100410,58,1,3,34530
5100410,16,0,3,30554
5100410,15,0,3,28708
5100410,3,0,5,12742
5100410,48,0,4,21666
3131741,6,1,4,9640
3131741,11,1,4,13952
3131741,48,0,5,7664
3131741,86,0,4,15866
3131741,26,1,5,14846
3131741,88,0,5,13122
3131741,71,0,3,17944
3131741,47,1,3,11570
3131741,46,0,4,23588
3131741,80,1,4,23242
7706838,61,1,1,12934
7706838,69,1,4,38722
7706838,104,0,4,17186
7706838,97,0,3,28570
7706838,26,0,3,15230
7706838,102,1,3,32632
7706838,87,0,4,10216
7706838,67,0,3,28412
7706838,44,0,5,7936
7706838,79,1,4,22196
2056055,47,0,2,37546
2056055,86,1,1,19835
2056055,83,0,2,24376
2056055,45,1,2,15490
2056055,58,1,2,19837
2056055,13,1,1,18638
2056055,41,0,1,17349
2056055,74,0,2,17193
2056055,31,1,1,10430
2056055,101,0,4,11379
2826729,1,1,2,37476
2826729,26,0,3,32023
2826729,58,0,3,36292
2826729,28,0,4,26559
2826729,95,1,1,39754
2826729,61,1,2,24477
2826729,99,0,3,33416
2826729,104,0,3,40830
2826729,57,1,2,20914
2826729,98,0,4,22610
1267773,63,1,2,55232
1267773,32,0,2,24756
1267773,78,1,1,23167
1267773,50,0,3,39186
1267773,14,0,3,31939
1267773,89,0,4,28519
1267773,73,1,2,34491
1267773,51,0,4,29560
1267773,82,1,3,24965
1267773,39,0,4,19161
3989468,64,1,3,33635
3989468,71,1,3,54733
3989468,17,0,4,32332
3989468,103,1,3,34703
3989468,92,1,5,36755
3989468,46,0,5,32027
3989468,37,0,5,17528
3989468,28,0,4,43193
3989468,94,1,4,32252
3989468,3,0,4,31342
9324669,55,1,3,35834
9324669,48,1,3,35187
9324669,9,0,4,33537
9324669,12,0,4,34550
9324669,57,1,2,38702
9324669,7,0,3,34522
9324669,26,0,4,35016
9324669,8,0,3,27340
9324669,38,0,5,34961
9324669,3,0,3,39317
7337881,83,0,2,19492
7337881,15,1,3,17646
7337881,64,1,3,19878
7337881,17,1,3,17522
7337881,103,0,3,13116
7337881,13,0,3,19958
7337881,47,1,3,9142
7337881,40,0,3,13998
7337881,18,0,3,10800
7337881,59,1,3,8638
7146069,81,1,3,5398
7146069,3,1,3,1894
7146069,66,1,3,1390
7146069,49,1,3,1242
7146069,20,1,3,1214
7146069,80,1,3,1104
7146069,88,1,3,1142
7146069,69,1,3,1240
7146069,8,1,3,1072
7146069,25,1,3,1166
1617340,63,1,1,17198
1617340,95,1,1,12919
1617340,51,1,1,19204
1617340,2,1,1,6639
1617340,1,1,1,17768
1617340,19,1,2,7082
1617340,47,0,2,13106
1617340,36,0,4,8834
1617340,18,1,1,12193
1617340,99,0,3,8442
2320678,31,0,2,8682
2320678,8,0,3,10572
2320678,76,1,1,8081
2320678,102,1,2,11570
2320678,24,1,2,4884
2320678,56,1,2,9053
2320678,16,0,3,8534
2320678,35,0,2,6952
2320678,29,0,2,6592
2320678,58,1,3,4204
4623293,17,1,3,54034
4623293,86,1,3,17189
4623293,65,1,3,29964
4623293,68,0,3,7681
4623293,45,0,3,176159
4623293,61,1,3,9852
4623293,54,1,3,11092
4623293,33,0,3,8065
4623293,47,0,3,10578
4623293,57,1,3,12358
8831137,81,1,1,28438
8831137,100,0,3,7127
8831137,56,1,3,7656
8831137,64,1,3,12440
8831137,35,0,3,5928
8831137,47,0,3,10071
8831137,54,1,4,8960
8831137,7,0,3,5317
8831137,74,1,3,5204
8831137,84,0,3,11720
3893930,37,0,5,166982
3893930,45,1,4,51116
3893930,17,1,3,26273
3893930,25,0,4,67377
3893930,59,1,3,27198
3893930,78,1,3,33088
3893930,93,0,5,35060
3893930,18,0,5,54310
3893930,101,1,4,18567
3893930,71,1,4,29069
2849468,54,1,1,64551
2849468,23,1,5,16741
2849468,24,0,3,15551
2849468,13,0,3,45976
2849468,16,0,1,17491
2849468,50,0,5,10581
2849468,82,1,1,8572
2849468,30,1,5,15187
2849468,4,0,2,9980
2849468,49,1,1,13571
9875390,99,1,3,32128
9875390,103,1,2,26793
9875390,40,0,4,17862
9875390,33,0,3,16984
9875390,34,1,3,32261
9875390,47,1,2,15689
9875390,9,0,3,26216
9875390,87,0,2,29799
9875390,25,1,2,25678
9875390,97,1,2,19723
7713442,72,1,2,45215
7713442,6,0,5,41595
7713442,76,1,2,19306
7713442,13,1,2,21894
7713442,87,1,4,35074
7713442,47,0,5,29254
7713442,66,1,2,179674
7713442,30,1,4,83977
7713442,5,2,-1,28713
7713442,74,1,1,33784
7883455,82,1,2,48866
7883455,41,2,-1,38414
7883455,2,0,3,34665
7883455,88,1,2,24373
7883455,36,0,4,17833
7883455,74,1,1,11172
7883455,54,1,2,23029
7883455,21,2,-1,19335
7883455,66,1,1,24474
7883455,55,1,2,30138
7570238,102,1,3,34211
7570238,34,0,4,30246
7570238,60,1,3,41546
7570238,53,1,2,32701
7570238,88,1,4,69079
7570238,20,0,5,31845
7570238,22,0,5,32442
7570238,50,0,5,20820
7570238,39,0,4,33732
7570238,92,1,2,32460
6512972,104,1,3,51998
6512972,44,0,4,8535
6512972,60,0,3,13208
6512972,39,1,2,5653
6512972,69,1,3,13959
6512972,45,0,3,23010
6512972,75,0,4,7138
6512972,59,0,3,11596
6512972,93,0,4,10244
6512972,6,0,4,6752
8217357,14,0,4,21647
8217357,78,1,3,9039
8217357,45,0,3,12114
8217357,83,0,3,3670
8217357,95,1,3,4537
8217357,10,0,4,7034
8217357,50,1,3,5934
8217357,2,2,-1,8818
8217357,27,0,4,5495
8217357,20,0,4,4169
5961395,46,1,4,12200
5961395,54,0,4,6037
5961395,49,0,3,8829
5961395,50,1,4,4468
5961395,62,1,3,7751
5961395,71,1,3,5462
5961395,19,0,4,4747
5961395,18,1,4,5237
5961395,82,1,3,6543
5961395,91,0,3,3352
8331488,53,1,5,27847
8331488,68,0,2,9664
8331488,47,0,2,11539
8331488,85,1,4,8260
8331488,12,0,1,11937
8331488,4,0,4,8136
8331488,64,1,4,4798
8331488,34,1,3,6334
8331488,65,1,3,5258
8331488,89,1,3,3568
4893329,79,1,3,16092
4893329,77,1,1,8340
4893329,19,0,4,17234
4893329,56,1,2,19634
4893329,87,0,4,20576
4893329,54,1,4,24662
4893329,63,0,4,17258
4893329,44,0,5,17400
4893329,6,0,5,6892
4893329,43,0,3,13494
8329472,36,1,2,23356
8329472,57,0,3,18120
8329472,58,0,4,7032
8329472,95,1,2,11264
8329472,28,0,4,4690
8329472,90,0,5,5420
8329472,81,1,4,10600
8329472,35,0,3,11086
8329472,93,0,4,8104
8329472,5,0,2,8340
5775194,87,1,3,16076
5775194,74,1,2,14066
5775194,22,0,4,13718
5775194,98,1,2,20316
5775194,28,0,4,18538
5775194,65,1,3,26702
5775194,101,1,4,14538
5775194,34,0,4,23030
5775194,66,1,3,27584
5775194,21,0,4,14230
9250539,92,1,1,35511
9250539,62,1,3,73490
9250539,99,0,3,38044
9250539,15,0,5,24884
9250539,49,1,4,34973
9250539,85,1,3,46845
9250539,88,0,2,39361
9250539,33,0,5,28497
9250539,83,0,4,33770
9250539,13,0,4,36898
6523680,103,1,3,33321
6523680,69,1,2,15409
6523680,28,1,5,25056
6523680,76,0,3,19956
6523680,70,1,3,37199
6523680,84,0,3,35890
6523680,41,0,5,37381
6523680,68,0,3,36614
6523680,2,0,4,36870
6523680,8,0,3,29108
8615678,75,1,3,28118
8615678,7,1,3,33160
8615678,65,1,2,17832
8615678,60,0,4,6377
8615678,35,0,3,32751
8615678,103,1,3,14667
8615678,74,1,3,18390
8615678,91,0,3,21827
8615678,93,0,3,13299
8615678,34,0,5,7709
9669630,43,0,4,41937
9669630,71,0,5,24910
9669630,88,1,3,26680
9669630,62,0,5,11621
9669630,102,0,5,20836
9669630,74,0,5,13894
9669630,54,0,4,7206
9669630,49,0,4,7976
9669630,35,0,4,17103
9669630,94,0,5,15296
5767360,89,1,3,30003
5767360,1,1,4,25420
5767360,41,0,4,25837
5767360,26,0,4,17745
5767360,59,1,2,15775
5767360,93,1,3,14567
5767360,11,0,3,25428
5767360,104,1,4,23643
5767360,77,1,4,3872
5767360,87,0,3,8339
3322710,86,1,2,41597
3322710,32,0,5,33943
3322710,70,1,3,34295
3322710,104,1,1,34024
3322710,85,1,4,67240
3322710,63,1,3,36024
3322710,22,0,5,33752
3322710,80,1,2,35711
3322710,65,1,1,32880
3322710,45,0,5,22088
3243605,101,1,2,19753
3243605,104,1,4,22326
3243605,97,1,3,30681
3243605,48,0,4,12429
3243605,86,0,4,12938
3243605,74,1,2,14048
3243605,50,0,3,19230
3243605,6,0,3,15154
3243605,75,1,2,5848
3243605,25,0,4,10957
2338378,70,1,1,34623
2338378,49,2,-1,21381
2338378,85,1,2,33873
2338378,69,1,2,40753
2338378,92,0,2,34036
2338378,94,0,4,31501
2338378,68,0,3,31897
2338378,42,0,4,25302
2338378,72,1,1,16107
2338378,87,0,3,32465
4906061,19,1,3,13949
4906061,18,1,3,6782
4906061,41,1,3,8866
4906061,22,1,3,10023
4906061,57,1,3,8303
4906061,33,0,3,22856
4906061,15,1,3,3826
4906061,4,0,3,11795
4906061,78,0,3,10793
4906061,23,0,3,8511
5505244,56,1,2,56878
5505244,85,1,3,45564
5505244,95,1,2,19194
5505244,1,0,3,35772
5505244,24,0,3,32396
5505244,73,0,2,37636
5505244,11,0,2,33694
5505244,43,1,3,26988
5505244,80,1,1,34468
5505244,78,0,2,36938
8150811,95,1,1,10994
8150811,86,1,2,13855
8150811,76,1,2,25545
8150811,42,0,5,16086
8150811,41,0,3,17111
8150811,66,1,2,10425
8150811,79,1,1,10711
8150811,2,1,3,27400
8150811,101,1,2,12418
8150811,103,1,2,11137
2092324,45,0,2,31450
2092324,85,1,3,13315
2092324,13,1,3,22175
2092324,8,1,4,27596
2092324,68,0,4,21610
2092324,6,0,3,14382
2092324,21,0,4,13613
2092324,48,0,2,18675
2092324,44,0,4,7255
2092324,2,0,4,19943
8509313,70,1,3,24066
8509313,57,1,3,13424
8509313,36,0,4,9050
8509313,68,0,4,23924
8509313,4,0,4,10584
8509313,93,0,3,27178
8509313,8,0,4,8980
8509313,18,0,4,8920
8509313,47,0,4,26972
8509313,14,0,4,15520
7070763,87,0,3,29316
7070763,76,0,3,19314
7070763,74,1,1,12680
7070763,9,0,4,23496
7070763,23,0,2,43162
7070763,70,1,1,24066
7070763,78,1,1,28182
7070763,82,1,2,11834
7070763,100,0,4,10102
7070763,4,0,3,11740
3097217,38,1,3,27260
3097217,32,0,3,12614
3097217,17,0,3,25519
3097217,76,1,3,8106
3097217,8,0,3,3477
3097217,30,0,3,5736
3097217,87,1,3,8752
3097217,98,0,3,4808
3097217,61,0,3,7888
3097217,77,1,3,4455
6434127,66,0,4,29890
6434127,17,0,4,12040
6434127,99,0,4,20520
6434127,6,0,5,11520
6434127,65,1,2,18232
6434127,4,0,4,8240
6434127,23,0,3,34704
6434127,73,1,2,36016
6434127,97,1,1,42480
6434127,46,0,4,24864
3366482,80,1,3,150572
3366482,12,0,4,28096
3366482,54,1,3,47902
3366482,58,0,3,47998
3366482,57,1,2,17282
3366482,102,0,3,33020
3366482,9,0,4,32452
3366482,3,1,3,94740
3366482,79,1,2,55078
3366482,33,1,2,66472
5546018,72,1,4,69690
5546018,98,1,2,9258
5546018,29,0,5,12056
5546018,38,0,4,12784
5546018,6,0,3,19516
5546018,78,1,3,10800
5546018,66,1,4,34854
5546018,3,0,4,11096
5546018,37,0,5,7504
5546018,41,0,4,16916
7835113,57,1,1,22848
7835113,14,1,2,29078
7835113,59,1,1,34783
7835113,80,0,4,43553
7835113,73,1,1,29039
7835113,88,1,1,37129
7835113,65,1,1,20279
7835113,15,1,1,9464
7835113,46,1,1,1912345
7835113,60,1,1,5960
2464852,35,1,2,21928
2464852,45,1,2,22080
2464852,28,0,5,17643
2464852,97,1,1,22000
2464852,88,1,1,24708
2464852,47,0,3,23293
2464852,25,0,3,20831
2464852,52,1,2,19583
2464852,5,0,3,20466
2464852,78,1,1,19574
9956312,7,1,4,18547
9956312,95,1,2,14022
9956312,45,1,3,11560
9956312,14,0,4,11865
9956312,80,1,2,11015
9956312,89,0,5,7936
9956312,18,1,4,8832
9956312,26,1,4,11008
9956312,59,0,4,7872
9956312,28,0,5,7736
3487040,92,1,3,83962
3487040,102,0,5,46483
3487040,18,1,4,37134
3487040,31,1,3,40254
3487040,71,1,3,48220
3487040,37,0,5,20283
3487040,96,0,5,36123
3487040,78,1,1,36093
3487040,48,1,3,35066
3487040,51,0,4,55899
3836111,100,0,3,27851
3836111,99,1,1,9698
3836111,17,0,2,14792
3836111,93,1,1,38243
3836111,57,1,2,23679
3836111,36,1,2,34127
3836111,21,0,2,20409
3836111,67,0,2,34919
3836111,6,1,2,31814
3836111,53,0,2,20657
5540189,76,1,3,34818
5540189,57,0,5,13059
5540189,18,1,3,19307
5540189,61,1,3,18325
5540189,103,1,3,6509
5540189,102,0,3,3650
5540189,97,0,4,12778
5540189,100,0,3,12558
5540189,75,1,2,11154
5540189,54,0,3,7658
1321501,43,0,4,13792
1321501,19,0,4,20609
1321501,4,0,3,33924
1321501,50,1,3,21710
1321501,12,0,3,26437
1321501,71,1,3,16961
1321501,100,0,4,10535
1321501,104,1,4,25059
1321501,6,0,5,11567
1321501,70,1,3,14720
4321855,23,0,5,15459
4321855,61,1,1,7112
4321855,11,1,2,11188
4321855,43,1,1,7179
4321855,71,1,1,7457
4321855,65,1,1,7587
4321855,27,1,1,5112
4321855,85,1,3,15615
4321855,73,1,1,6793
4321855,89,0,2,8972
1047955,64,1,3,43735
1047955,22,1,4,34879
1047955,75,0,3,32935
1047955,18,0,2,20665
1047955,2,0,2,29344
1047955,6,1,3,33790
1047955,74,0,3,35808
1047955,69,1,2,55457
1047955,77,1,2,21584
1047955,102,1,4,18088
6497200,23,0,4,23146
6497200,103,1,2,12464
6497200,12,0,3,23052
6497200,61,1,2,26894
6497200,56,0,3,36742
6497200,98,1,2,26730
6497200,13,0,3,35974
6497200,14,1,3,28584
6497200,8,0,4,26392
6497200,67,0,3,34368
1823711,69,1,2,40836
1823711,59,1,2,34271
1823711,74,0,3,31304
1823711,43,0,4,24927
1823711,62,0,4,22169
1823711,15,0,4,31239
1823711,53,1,2,22152
1823711,89,0,5,31695
1823711,91,1,1,16103
1823711,73,1,3,34871
7486680,72,1,4,28173
7486680,52,0,5,9366
7486680,61,1,5,20676
7486680,1,0,4,12532
7486680,66,1,1,16849
7486680,26,1,1,21783
7486680,56,1,4,8630
7486680,95,1,1,16380
7486680,103,0,5,6097
7486680,21,1,4,8086
9391989,39,1,2,38677
9391989,9,0,2,17960
9391989,40,1,2,19761
9391989,35,1,2,19638
9391989,24,1,1,15744
9391989,48,0,4,19259
9391989,51,1,2,18247
9391989,88,1,2,34366
9391989,84,1,2,15905
9391989,32,0,2,9986
3143574,50,1,3,38880
3143574,73,1,2,33576
3143574,43,0,4,24884
3143574,12,0,4,26759
3143574,42,0,3,34121
3143574,96,1,3,22915
3143574,53,1,2,26572
3143574,27,0,3,34720
3143574,59,1,2,29427
3143574,66,0,2,39804
2199807,23,0,3,8590
2199807,43,1,3,6981
2199807,38,1,3,8994
2199807,3,0,3,18605
2199807,99,1,2,5119
2199807,104,1,4,19509
2199807,65,1,2,6109
2199807,1,0,3,5842
2199807,81,1,2,6276
2199807,55,0,3,7641
2377378,75,1,3,18679
2377378,77,1,1,11233
2377378,97,0,3,17082
2377378,91,0,2,33336
2377378,37,0,4,8401
2377378,76,0,3,12625
2377378,21,1,2,7929
2377378,14,1,3,23890
2377378,25,0,4,11471
2377378,39,0,4,7880
4452915,13,0,3,21141
4452915,14,1,3,23256
4452915,17,1,3,9643
4452915,60,1,1,8371
4452915,23,2,-1,10820
4452915,68,0,4,15343
4452915,78,1,2,7444
4452915,44,0,5,27444
4452915,24,1,2,7725
4452915,33,1,4,7444
8209535,26,0,4,83850
8209535,53,1,2,17249
8209535,104,1,3,30223
8209535,19,0,3,24610
8209535,79,1,4,63340
8209535,13,0,4,56405
8209535,51,2,5,25262
8209535,62,1,2,25837
8209535,22,0,4,37410
8209535,34,0,4,16130
4068294,69,1,3,44803
4068294,20,0,3,41535
4068294,58,0,3,40920
4068294,17,0,4,22892
4068294,16,0,3,24501
4068294,84,1,2,35306
4068294,32,0,3,10012
4068294,51,2,4,7929
4068294,78,0,4,24743
4068294,102,0,4,39571
5144267,10,0,2,13225
5144267,59,1,1,11959
5144267,25,0,4,11876
5144267,24,1,2,10466
5144267,76,0,2,9302
5144267,34,0,3,8295
5144267,78,1,2,5455
5144267,17,0,4,8469
5144267,9,0,3,6632
5144267,87,0,3,9991
2083192,69,1,2,15770
2083192,11,2,-1,23960
2083192,9,0,4,12903
2083192,27,1,2,10392
2083192,52,0,3,8897
2083192,31,0,2,17783
2083192,97,0,4,15201
2083192,66,1,3,9584
2083192,75,0,3,9464
2083192,51,1,3,7191
1767012,23,0,2,27054
1767012,53,1,1,12002
1767012,49,1,1,12044
1767012,99,1,1,8134
1767012,43,1,1,8858
1767012,81,1,1,7013
1767012,34,0,3,17905
1767012,68,1,2,15454
1767012,69,1,1,8446
1767012,41,1,2,16943
6489346,10,0,1,52362
6489346,73,1,1,10245
6489346,68,1,3,18512
6489346,27,0,5,7682
6489346,67,0,3,8053
6489346,30,0,4,7554
6489346,78,1,2,11324
6489346,70,1,1,9785
6489346,46,0,5,7200
6489346,14,0,3,7038
5923514,81,1,2,17654
5923514,65,1,2,15506
5923514,54,1,3,33822
5923514,1,0,4,8764
5923514,52,0,5,9895
5923514,15,0,4,17734
5923514,10,0,5,7584
5923514,90,0,5,49025
5923514,104,0,4,23538
5923514,56,1,3,12314
4617022,10,1,3,25644
4617022,2,1,2,6927
4617022,5,1,1,14704
4617022,98,2,-1,46799
4617022,90,1,2,34146
4617022,88,1,3,3281
4617022,15,1,3,1191
4617022,77,1,2,960
4617022,54,1,2,1007
4617022,69,1,2,1337
5340163,16,0,4,25319
5340163,59,0,4,9150
5340163,38,0,4,12133
5340163,22,0,4,31372
5340163,23,0,4,7335
5340163,42,1,3,17508
5340163,25,1,5,16804
5340163,84,1,3,29646
5340163,9,0,5,8090
5340163,29,1,3,10722
1867475,19,1,2,50535
1867475,9,0,2,18449
1867475,66,1,1,31233
1867475,36,0,2,8562
1867475,35,0,2,17894
1867475,101,0,2,30141
1867475,55,1,2,8126
1867475,13,0,2,7083
1867475,39,1,2,36784
1867475,75,1,2,7690
7575532,26,1,2,18314
7575532,57,0,3,11916
7575532,23,0,5,15754
7575532,83,0,5,10236
7575532,25,0,4,12002
7575532,53,0,3,8494
7575532,65,1,2,13128
7575532,87,0,4,12352
7575532,86,0,4,12014
7575532,21,1,4,11156
4384557,89,1,3,32586
4384557,21,0,2,16768
4384557,78,1,1,26001
4384557,66,0,3,34106
4384557,10,0,4,32260
4384557,37,0,4,21788
4384557,59,1,3,22449
4384557,38,0,4,20527
4384557,100,1,3,35584
4384557,41,0,3,27455
3672928,39,1,4,12128
3672928,12,0,2,12265
3672928,78,1,2,14243
3672928,98,1,4,21604
3672928,48,1,4,8889
3672928,92,0,4,11993
3672928,26,0,4,12147
3672928,13,1,5,21215
3672928,41,0,5,9794
3672928,84,0,4,6356
2221258,21,1,1,35268
2221258,104,1,3,32474
2221258,86,0,2,22196
2221258,43,0,4,27150
2221258,25,1,1,9122
2221258,7,0,4,32996
2221258,65,0,1,18404
2221258,85,1,4,18172
2221258,40,0,5,15728
2221258,64,0,2,17928
1776233,15,1,2,15141
1776233,24,2,-1,25284
1776233,67,1,3,22789
1776233,30,0,4,16676
1776233,57,0,3,19602
1776233,62,0,2,29238
1776233,21,2,-1,18186
1776233,43,0,4,16870
1776233,11,1,4,24946
1776233,84,0,4,14822
7936632,53,1,1,13539
7936632,18,1,1,20375
7936632,59,0,4,11312
7936632,97,0,3,41822
7936632,58,1,1,6793
7936632,102,0,3,8719
7936632,48,0,4,8064
7936632,50,1,3,11056
7936632,3,1,2,17030
7936632,33,0,5,8281
7689720,91,0,2,34225
7689720,38,0,4,17222
7689720,5,1,5,22680
7689720,18,1,4,21743
7689720,61,1,4,31176
7689720,35,0,3,28201
7689720,20,1,4,31199
7689720,101,0,3,31992
7689720,11,1,4,23808
7689720,68,1,3,20064
8282661,32,0,4,34781
8282661,90,1,2,36171
8282661,50,0,3,35195
8282661,47,1,3,56453
8282661,86,0,4,34620
8282661,19,0,3,53604
8282661,77,1,2,35731
8282661,91,1,3,66202
8282661,41,0,5,36266
8282661,65,1,3,34244
8167291,65,1,2,20854
8167291,92,0,4,7396
8167291,94,0,5,10394
8167291,36,0,4,10814
8167291,48,0,3,7494
8167291,77,1,2,22124
8167291,5,1,3,4174
8167291,22,0,4,6766
8167291,50,0,3,13288
8167291,41,1,4,11514
8743155,3,2,2,49959
8743155,33,1,4,22431
8743155,90,0,4,49708
8743155,64,1,2,21086
8743155,43,0,3,17189
8743155,9,1,1,7448
8743155,104,0,4,19989
8743155,81,1,1,5613
8743155,98,0,4,19290
8743155,22,1,1,9368
1519290,30,0,4,23180
1519290,43,1,2,23598
1519290,75,1,2,17313
1519290,60,1,3,21858
1519290,32,0,4,14756
1519290,84,1,3,46120
1519290,24,0,3,34069
1519290,92,0,3,24938
1519290,31,0,5,20287
1519290,8,0,4,24792
4081539,92,0,2,27248
4081539,56,1,1,19159
4081539,13,1,1,24247
4081539,87,0,3,20831
4081539,33,0,3,21928
4081539,73,1,1,30008
4081539,41,0,1,33264
4081539,50,1,1,23513
4081539,27,0,2,27902
4081539,66,1,1,32593
3974546,91,1,3,97773
3974546,57,0,1,42769
3974546,1,0,5,32006
3974546,12,1,4,33361
3974546,50,1,2,25944
3974546,41,0,4,35141
3974546,63,1,1,32736
3974546,59,1,2,32476
3974546,53,1,1,40245
3974546,72,0,1,34818
6991247,27,1,3,21715
6991247,72,1,2,10863
6991247,51,0,4,7092
6991247,44,0,4,8746
6991247,67,1,3,9022
6991247,48,1,2,13976
6991247,8,1,2,7844
6991247,82,0,4,4688
6991247,96,0,3,5292
6991247,95,1,2,6651
1846731,102,1,2,92097
1846731,57,0,3,37735
1846731,30,0,4,48951
1846731,17,0,2,24139
1846731,54,1,2,25772
1846731,82,1,2,58276
1846731,98,1,1,33837
1846731,11,0,4,25550
1846731,79,0,5,35679
1846731,23,1,3,40300
6730482,24,1,2,37527
6730482,14,0,4,26903
6730482,85,1,3,42985
6730482,30,0,4,26422
6730482,80,1,3,98964
6730482,7,1,5,35482
6730482,34,0,5,36726
6730482,25,0,5,32634
6730482,8,1,1,19866
6730482,49,1,3,31886
1634905,46,1,1,38784
1634905,59,0,2,21356
1634905,90,1,2,34190
1634905,41,1,2,11738
1634905,38,0,3,27598
1634905,71,1,1,14960
1634905,60,1,2,14682
1634905,79,0,3,8964
1634905,61,1,1,6286
1634905,14,0,4,21850
8727037,81,1,3,34452
8727037,39,0,4,30809
8727037,100,0,3,32198
8727037,77,1,1,32290
8727037,87,1,2,30368
8727037,42,0,1,32382
8727037,13,1,1,41226
8727037,70,1,2,32685
8727037,49,1,3,31729
8727037,8,0,2,27018
1795647,75,1,2,36676
1795647,14,0,4,48860
1795647,3,1,3,39556
1795647,80,0,3,43036
1795647,15,0,3,27970
1795647,40,0,5,17126
1795647,100,0,5,20374
1795647,9,1,3,14096
1795647,76,1,2,7716
1795647,47,1,4,10692
1823911,84,1,3,44772
1823911,11,0,3,21936
1823911,74,1,1,25525
1823911,62,0,3,19688
1823911,48,1,3,32599
1823911,60,1,2,17940
1823911,20,0,4,25576
1823911,104,1,2,32476
1823911,39,0,3,30934
1823911,66,1,2,25627
2925719,67,1,2,30432
2925719,76,0,4,27878
2925719,99,1,3,45336
2925719,91,1,1,67176
2925719,62,0,4,27064
2925719,101,0,5,26384
2925719,49,0,5,23392
2925719,95,1,2,34592
2925719,86,0,5,29912
2925719,59,1,3,35016
7338804,72,0,2,16934
7338804,94,0,4,9784
7338804,62,1,1,9972
7338804,99,0,3,15759
7338804,29,0,1,31400
7338804,98,0,3,21136
7338804,17,1,1,9632
7338804,3,1,3,12428
7338804,44,0,2,11162
7338804,56,1,3,18642
1446079,20,1,2,11804
1446079,89,0,5,10260
1446079,90,0,3,17098
1446079,86,1,2,8914
1446079,56,1,2,9224
1446079,1,0,3,6264
1446079,76,1,3,9876
1446079,48,1,4,7682
1446079,60,0,1,6796
1446079,13,1,3,7462
2828265,10,1,3,20102
2828265,31,1,1,20938
2828265,13,0,2,19538
2828265,14,0,5,8632
2828265,26,0,3,17914
2828265,70,1,2,12806
2828265,61,0,4,7270
2828265,53,0,3,9202
2828265,85,0,3,5454
2828265,69,0,4,5714
6244049,17,1,1,23481
6244049,31,1,4,44450
6244049,4,1,1,6602
6244049,38,0,4,26012
6244049,37,0,5,67706
6244049,77,1,3,854299
6244049,11,1,1,5220
6244049,41,1,1,3283
6244049,71,1,1,4932
6244049,35,1,2,9765
2920482,99,1,2,20857
2920482,22,1,3,26696
2920482,89,0,4,17512
2920482,81,1,2,15631
2920482,26,2,-1,13681
2920482,98,0,3,15928
2920482,67,1,4,21104
2920482,24,0,2,8288
2920482,50,0,3,9456
2920482,85,2,-1,14719
2364637,49,0,5,28396
2364637,75,1,3,33575
2364637,80,1,1,39392
2364637,76,1,4,35520
2364637,41,1,5,37375
2364637,2,0,4,29970
2364637,5,0,4,35359
2364637,104,1,4,35591
2364637,10,1,2,42136
2364637,17,0,4,58071
1109453,41,1,4,11482
1109453,83,0,3,9182
1109453,34,0,4,9320
1109453,50,1,2,9608
1109453,79,2,-1,7554
1109453,100,1,2,10976
1109453,98,1,3,28294
1109453,38,1,1,38728
1109453,5,1,2,10380
1109453,18,1,3,34796
2371509,41,0,3,41898
2371509,44,1,2,27253
2371509,102,1,2,26943
2371509,82,1,2,33345
2371509,40,0,4,34311
2371509,19,1,2,31906
2371509,5,0,3,28676
2371509,13,1,3,35960
2371509,16,1,3,29157
2371509,86,0,3,28205
8790902,58,1,2,40189
8790902,52,0,5,38205
8790902,86,1,3,38804
8790902,91,1,1,34646
8790902,43,0,2,40517
8790902,95,1,2,33175
8790902,38,1,3,33854
8790902,41,0,4,32471
8790902,90,1,4,35358
8790902,29,1,3,34325
4553292,69,1,1,13695
4553292,22,1,2,20618
4553292,53,1,4,20475
4553292,14,2,4,12491
4553292,1,0,3,11437
4553292,24,1,1,7774
4553292,66,1,2,13176
4553292,96,0,4,7830
4553292,91,0,3,9382
4553292,50,0,3,13786
2771220,22,1,4,47198
2771220,81,1,3,39176
2771220,79,0,2,36904
2771220,6,0,1,29688
2771220,7,0,1,35801
2771220,17,0,1,32455
2771220,27,0,1,28320
2771220,20,1,3,23351
2771220,58,1,2,33168
2771220,87,0,3,18641
3671248,4,1,3,35691
3671248,2,0,3,29012
3671248,45,1,3,24386
3671248,84,1,3,31230
3671248,90,0,3,26837
3671248,19,0,3,35503
3671248,50,0,3,24114
3671248,81,1,3,1610540
3671248,34,0,4,11111
3671248,78,1,3,34874
4885530,36,1,2,41295
4885530,15,0,2,42331
4885530,28,0,4,42039
4885530,8,1,2,25268
4885530,51,0,4,32810
4885530,20,0,3,39700
4885530,13,1,2,35985
4885530,103,1,3,34149
4885530,70,1,3,37130
4885530,39,1,2,31884
7284292,68,0,2,38113
7284292,57,1,2,7209
7284292,32,1,2,19802
7284292,75,1,2,28611
7284292,70,0,3,10692
7284292,102,1,2,30358
7284292,67,1,2,16517
7284292,39,0,3,12208
7284292,58,0,2,33378
7284292,17,0,3,14081
3662755,45,0,4,18556
3662755,57,1,1,16745
3662755,102,0,3,19720
3662755,28,0,4,11323
3662755,2,0,3,27385
3662755,86,1,2,16425
3662755,61,1,1,25907
3662755,97,0,3,22063
3662755,47,0,4,10655
3662755,65,1,2,9447
5928321,12,0,2,48280
5928321,73,1,2,30439
5928321,99,0,2,34056
5928321,5,1,2,26552
5928321,10,0,3,12782
5928321,88,0,4,12098
5928321,85,0,4,16196
5928321,51,0,4,9081
5928321,97,0,4,22640
5928321,80,0,3,14794
9759042,94,1,2,35479
9759042,21,1,2,37353
9759042,42,0,3,35481
9759042,93,1,3,55390
9759042,10,0,4,82352
9759042,81,0,4,80392
9759042,5,0,4,37719
9759042,54,1,2,23824
9759042,68,1,2,33929
9759042,48,0,4,34407
3192696,83,1,1,20233
3192696,69,1,1,17737
3192696,41,0,3,18350
3192696,14,1,3,28122
3192696,59,1,1,17666
3192696,97,0,3,20898
3192696,61,1,1,26719
3192696,81,1,1,9470
3192696,49,0,2,25192
3192696,29,0,2,15584
3858619,46,0,4,45826
3858619,84,1,2,30586
3858619,71,1,1,36375
3858619,75,0,2,35787
3858619,68,1,2,36409
3858619,11,0,2,35218
3858619,24,1,3,35344
3858619,55,0,3,36358
3858619,63,0,3,23618
3858619,58,1,3,275809
7940834,28,1,2,23172
7940834,84,1,3,23950
7940834,57,1,4,31090
7940834,4,1,2,8642
7940834,75,1,3,56654
7940834,58,0,4,5480
7940834,1,0,5,7986
7940834,11,1,2,8940
7940834,74,1,2,33550
7940834,42,0,5,6630
6158464,75,1,2,28886
6158464,59,1,1,15566
6158464,98,1,2,22744
6158464,93,1,1,28184
6158464,34,0,3,10031
6158464,23,1,2,11792
6158464,2,0,3,11384
6158464,87,0,3,15880
6158464,100,0,2,15879
6158464,45,1,1,25568
9455817,72,0,2,36926
9455817,6,1,1,11608
9455817,59,1,1,22695
9455817,37,0,4,50186
9455817,35,1,3,3934
9455817,30,0,3,12018
9455817,38,0,3,19344
9455817,53,1,1,6719
9455817,52,0,5,9707
9455817,58,1,1,8744
6050342,42,1,2,20534
6050342,63,1,3,50321
6050342,14,0,4,29820
6050342,86,0,4,34260
6050342,46,0,5,31486
6050342,90,0,4,34111
6050342,61,0,2,31100
6050342,4,0,1,23445
6050342,103,1,4,36445
6050342,26,1,2,6299
4434116,39,0,3,24465
4434116,95,1,1,22108
4434116,12,0,4,12849
4434116,55,1,3,30944
4434116,63,0,2,34197
4434116,79,0,3,32485
4434116,50,0,3,15515
4434116,2,0,2,26483
4434116,78,1,1,16340
4434116,59,1,2,14237
2085204,40,1,1,32246
2085204,13,1,2,1076
2085204,12,1,3,8480
2085204,5,1,3,6096
2085204,90,0,4,4813
2085204,29,1,5,9222
2085204,1,1,2,8739
2085204,74,1,3,4054
2085204,39,0,2,18860
2085204,38,0,3,4258
1054262,47,1,4,18833
1054262,27,0,4,17582
1054262,4,1,4,8899
1054262,57,0,2,10631
1054262,68,1,3,7361
1054262,76,1,4,6596
1054262,10,0,4,598702
1054262,15,1,2,7678
1054262,91,0,4,6412
1054262,82,1,3,8747
9008308,1,1,3,32240
9008308,29,0,4,26445
9008308,88,1,2,34306
9008308,42,0,4,21016
9008308,101,1,3,33587
9008308,89,1,3,26411
9008308,78,1,2,35407
9008308,46,0,4,20561
9008308,96,1,3,35922
9008308,83,0,4,25651
4298995,71,1,3,38518
4298995,21,0,4,34943
4298995,77,1,3,35270
4298995,20,0,4,34208
4298995,60,1,4,75632
4298995,51,0,5,33016
4298995,95,1,2,23975
4298995,25,0,5,32402
4298995,82,0,5,33430
4298995,47,0,5,33712
9391234,97,1,2,57596
9391234,52,0,4,21220
9391234,63,1,2,6736
9391234,26,0,4,12894
9391234,9,0,4,8828
9391234,71,0,3,12963
9391234,80,0,4,29996
9391234,4,0,2,15351
9391234,20,1,2,9827
9391234,90,0,4,6560
3202060,96,0,2,22196
3202060,33,0,3,26480
3202060,94,0,3,22736
3202060,3,1,4,16056
3202060,47,0,4,20589
3202060,54,1,4,17897
3202060,48,1,3,34719
3202060,81,1,3,24735
3202060,13,1,3,29552
3202060,98,0,4,16135
3036364,40,0,4,28734
3036364,73,0,3,30618
3036364,81,0,3,20163
3036364,25,0,3,16298
3036364,104,0,3,7458
3036364,94,0,3,20154
3036364,31,1,3,10381
3036364,99,1,3,20104
3036364,63,1,3,34507
3036364,24,1,3,26119
6843003,54,1,1,20588
6843003,89,0,4,12060
6843003,15,1,2,15787
6843003,59,1,1,18728
6843003,6,1,2,14971
6843003,8,1,1,11997
6843003,75,0,2,14346
6843003,46,0,4,15704
6843003,71,1,2,33753
6843003,57,1,2,34189
2759254,13,1,1,41184
2759254,35,0,4,35907
2759254,7,0,3,36333
2759254,94,0,5,34155
2759254,30,1,2,30490
2759254,18,0,4,34104
2759254,31,0,4,33634
2759254,72,1,1,33663
2759254,83,0,5,34292
2759254,97,1,1,35607
4497811,50,0,4,31802
4497811,65,1,2,22300
4497811,12,0,5,30676
4497811,74,1,1,18648
4497811,26,0,3,23806
4497811,75,1,3,29464
4497811,42,0,4,27820
4497811,39,0,4,20762
4497811,51,0,3,24392
4497811,96,1,3,26142
5524386,83,0,2,21620
5524386,59,1,2,33390
5524386,73,1,3,26650
5524386,35,0,3,8486
5524386,27,0,4,8072
5524386,76,1,3,14592
5524386,39,0,3,4648
5524386,42,0,3,12704
5524386,80,0,2,15152
5524386,102,0,3,41704
5553461,90,0,4,23506
5553461,34,1,2,12106
5553461,56,1,1,7002
5553461,100,0,3,10994
5553461,19,1,2,4870
5553461,42,0,3,12272
5553461,26,0,2,15586
5553461,15,1,2,7398
5553461,74,1,1,9108
5553461,49,0,2,13424
4535490,61,0,3,16515
4535490,57,1,4,10202
4535490,79,1,4,19607
4535490,52,0,5,13974
4535490,7,0,5,9532
4535490,92,1,3,12803
4535490,26,0,3,12245
4535490,9,0,4,30599
4535490,19,1,4,11006
4535490,22,1,1,12678
2511754,83,1,4,42408
2511754,66,1,2,14410
2511754,18,0,3,14382
2511754,55,1,3,16592
2511754,100,0,2,32702
2511754,76,1,1,11216
2511754,15,0,3,32524
2511754,38,1,3,38204
2511754,85,1,3,17750
2511754,53,1,1,25276
4287747,54,1,2,13232
4287747,79,0,4,10847
4287747,101,0,3,15865
4287747,52,1,4,7862
4287747,16,1,2,6837
4287747,8,1,2,8670
4287747,83,0,4,7119
4287747,91,1,3,9673
4287747,49,1,3,9717
4287747,96,0,3,7645
1097656,48,1,3,34118
1097656,40,0,5,15947
1097656,68,1,2,21835
1097656,14,1,4,26068
1097656,16,1,4,22603
1097656,71,1,4,27222
1097656,43,1,2,22953
1097656,57,1,2,17133
1097656,46,0,4,19835
1097656,56,1,2,21882
2219710,24,1,1,19836
2219710,17,0,3,34924
2219710,57,1,1,27482
2219710,60,1,1,34116
2219710,104,0,4,34142
2219710,81,0,2,48648
2219710,32,0,4,18218
2219710,13,0,4,24944
2219710,72,1,1,33768
2219710,6,0,4,14992
8586049,12,0,2,14577
8586049,66,1,2,23790
8586049,49,0,3,28236
8586049,103,1,3,14214
8586049,92,1,2,11496
8586049,55,1,2,25989
8586049,65,1,1,23618
8586049,34,0,5,15317
8586049,19,0,4,10979
8586049,27,0,5,18705
9320425,101,1,2,18686
9320425,85,1,3,33904
9320425,70,1,4,34311
9320425,51,0,4,9444
9320425,32,0,3,17208
9320425,59,0,1,41689
9320425,84,1,4,19973
9320425,21,0,4,16094
9320425,100,0,3,23530
9320425,12,0,4,16682
6206929,33,0,3,41274
6206929,37,0,4,34538
6206929,102,1,2,35071
6206929,74,1,1,32449
6206929,3,0,2,34704
6206929,18,0,3,64751
6206929,40,1,2,34848
6206929,11,1,1,34409
6206929,49,1,4,98632
6206929,26,0,1,64672
3873758,98,1,2,22606
3873758,69,0,3,21000
3873758,102,1,4,32658
3873758,43,1,2,9712
3873758,70,0,4,17216
3873758,12,0,3,25812
3873758,13,1,3,22120
3873758,32,0,5,9942
3873758,104,0,4,12044
3873758,68,1,3,4334
1167987,22,1,2,19310
1167987,66,1,3,20011
1167987,36,0,3,113074
1167987,53,1,2,19103
1167987,99,1,3,606244
1167987,12,1,4,71430
1167987,5,0,4,15372
1167987,101,0,3,53186
1167987,75,0,3,25842
1167987,100,0,3,28974
1883525,21,1,3,22341
1883525,7,0,2,52629
1883525,36,1,2,31179
1883525,28,0,4,29373
1883525,72,0,4,28363
1883525,5,1,4,74566
1883525,92,0,3,32255
1883525,17,0,4,16124
1883525,77,1,1,30246
1883525,53,1,2,23391
1893584,4,1,4,31161
1893584,14,0,3,17445
1893584,90,1,4,14148
1893584,39,1,4,16713
1893584,15,0,3,14582
1893584,58,1,4,8094
1893584,67,1,4,11116
1893584,64,1,3,14372
1893584,54,0,4,7242
1893584,101,0,5,5964
5415235,78,1,4,37696
5415235,24,0,4,25006
5415235,57,0,3,33126
5415235,101,1,3,34672
5415235,14,0,4,25988
5415235,7,2,-1,21070
5415235,79,1,3,34792
5415235,11,0,5,33398
5415235,23,0,4,21878
5415235,51,0,4,16096
4156138,82,1,2,38200
4156138,16,0,4,33871
4156138,28,0,3,33652
4156138,18,2,-1,32470
4156138,74,1,2,33700
4156138,72,1,3,32450
4156138,37,0,4,29319
4156138,13,0,5,36695
4156138,83,1,2,32446
4156138,66,1,1,32666
9100519,31,1,1,25082
9100519,73,1,1,17459
9100519,74,1,1,29951
9100519,61,0,3,31741
9100519,11,0,3,36776
9100519,6,0,4,24859
9100519,56,0,2,34392
9100519,5,0,4,33050
9100519,48,0,3,24950
9100519,27,1,3,24834
7427513,64,1,1,14635
7427513,24,0,3,9045
7427513,97,0,5,13255
7427513,53,1,1,13423
7427513,35,0,4,19254
7427513,57,1,2,12975
7427513,32,0,4,9309
7427513,87,0,5,23264
7427513,79,0,4,9811
7427513,104,0,3,18885
3004246,61,1,1,26400
3004246,54,1,1,13451
3004246,48,0,3,42564
3004246,77,1,1,13266
3004246,99,1,1,9192
3004246,18,0,1,10593
3004246,82,1,1,16612
3004246,37,0,3,16566
3004246,104,0,2,9566
3004246,70,1,1,22839
1743656,70,1,2,23679
1743656,32,1,1,8719
1743656,67,1,2,6655
1743656,15,1,1,4874
1743656,4,1,1,6540
1743656,25,1,1,10024
1743656,80,0,2,17430
1743656,1,0,1,6682
1743656,86,1,2,5993
1743656,98,0,3,5999
9544692,83,0,3,26108
9544692,39,1,2,8715
9544692,14,1,3,17677
9544692,82,1,3,10223
9544692,97,0,4,12638
9544692,91,1,2,7466
9544692,74,0,2,10601
9544692,86,0,2,7399
9544692,4,1,2,6854
9544692,29,1,1,9083
8262118,76,1,1,33317
8262118,75,0,2,36135
8262118,32,0,3,28895
8262118,62,1,2,37231
8262118,10,0,3,21888
8262118,3,1,2,50160
8262118,94,0,4,30089
8262118,66,0,2,37166
8262118,45,1,3,37168
8262118,43,1,2,54928
3240151,68,1,2,25991
3240151,33,1,4,29500
3240151,58,1,2,16060
3240151,65,0,4,13432
3240151,23,1,4,22654
3240151,95,0,3,14258
3240151,32,0,4,10606
3240151,41,0,5,24729
3240151,12,1,2,6743
3240151,11,1,3,17013
6198661,16,0,3,23410
6198661,67,1,2,34143
6198661,41,2,3,32584
6198661,6,1,2,24287
6198661,18,0,3,31984
6198661,100,0,3,25784
6198661,31,0,3,32423
6198661,42,0,4,14624
6198661,46,0,4,32640
6198661,64,1,2,41551
1213646,37,1,4,37764
1213646,57,1,1,34419
1213646,94,0,4,25412
1213646,93,1,3,36035
1213646,96,1,3,30419
1213646,40,0,3,35704
1213646,15,0,3,30824
1213646,29,0,4,32503
1213646,101,1,3,20573
1213646,89,1,2,13347
6472423,103,1,3,37341
6472423,93,0,4,26309
6472423,33,1,3,36243
6472423,4,0,3,21335
6472423,21,0,3,15005
6472423,37,0,4,12773
6472423,75,1,3,10187
6472423,87,1,4,20040
6472423,20,1,4,23113
6472423,59,0,4,12271
5866934,42,0,2,28336
5866934,32,1,4,12264
5866934,90,1,2,36136
5866934,31,1,1,21576
5866934,63,1,2,9968
5866934,21,1,1,25848
5866934,92,1,2,24396
5866934,25,0,4,10292
5866934,80,0,3,17824
5866934,57,0,2,9033
3280955,60,1,2,76744
3280955,102,0,3,54277
3280955,15,0,3,36670
3280955,41,0,4,58594
3280955,47,0,4,67362
3280955,81,1,2,26724
3280955,51,1,3,35514
3280955,43,0,3,34409
3280955,37,0,4,25622
3280955,22,1,2,33892
4154895,87,1,2,16595
4154895,80,1,2,14336
4154895,76,0,3,14447
4154895,13,1,1,23464
4154895,28,0,4,7561
4154895,81,1,2,8550
4154895,39,0,5,8903
4154895,18,1,2,6375
4154895,44,0,5,7912
4154895,65,1,3,14951
7224743,59,1,1,56219
7224743,69,0,4,19035
7224743,1,0,4,35914
7224743,100,0,3,17393
7224743,31,1,3,26761
7224743,5,1,3,9241
7224743,39,0,4,28967
7224743,14,0,2,23312
7224743,60,1,2,4529
7224743,7,1,2,5056
3509174,53,0,4,40597
3509174,50,1,3,26524
3509174,25,0,4,13464
3509174,69,1,3,16896
3509174,74,1,2,13900
3509174,51,0,5,10341
3509174,96,0,4,6219
3509174,79,0,3,16937
3509174,27,0,5,5567
3509174,62,1,2,5580
1220912,8,1,2,26465
1220912,55,0,3,34007
1220912,73,0,2,35984
1220912,104,0,4,33060
1220912,4,0,3,32781
1220912,93,1,3,35545
1220912,57,1,2,32953
1220912,15,0,2,34601
1220912,74,1,2,32465
1220912,59,1,2,33571
7688586,2,0,3,22784
7688586,7,1,4,19034
7688586,40,0,2,34238
7688586,102,1,2,23774
7688586,78,1,1,10694
7688586,5,0,4,16598
7688586,85,1,2,12748
7688586,71,0,1,15282
7688586,4,0,4,13668
7688586,90,1,3,12106
2196642,91,1,1,44362
2196642,80,0,2,67365
2196642,102,0,3,32572
2196642,74,1,2,31638
2196642,53,0,2,33440
2196642,68,0,3,34569
2196642,6,1,3,35799
2196642,104,0,2,34395
2196642,42,0,3,37281
2196642,31,1,3,35651
5719369,98,1,2,48114
5719369,45,0,2,31952
5719369,28,0,1,31892
5719369,62,1,4,26798
5719369,63,1,4,12460
5719369,75,1,4,16214
5719369,21,0,3,28908
5719369,9,0,2,14646
5719369,12,0,3,19776
5719369,67,1,4,11208
6395632,71,1,2,43304
6395632,76,1,2,33857
6395632,31,0,3,35692
6395632,52,0,4,31075
6395632,91,2,-1,34350
6395632,58,1,2,38253
6395632,78,0,3,38648
6395632,45,0,3,35206
6395632,96,0,4,17076
6395632,39,0,4,24355
6891821,33,1,4,26874
6891821,48,0,3,27764
6891821,9,1,2,7946
6891821,68,0,2,22208
6891821,13,1,1,6501
6891821,24,0,3,9652
6891821,74,0,2,26331
6891821,31,0,3,23889
6891821,41,0,4,22265
6891821,52,1,2,10182
3091118,40,1,1,21736
3091118,14,1,2,29379
3091118,25,0,3,11952
3091118,52,0,3,28185
3091118,20,0,3,16491
3091118,30,1,2,15196
3091118,89,0,4,5523
3091118,66,1,3,7816
3091118,8,0,3,15069
3091118,55,0,4,4589
3574037,45,0,3,20673
3574037,40,0,3,7103
3574037,92,1,4,6261
3574037,50,0,2,18120
3574037,34,1,4,8208
3574037,74,1,1,19692
3574037,17,0,3,9045
3574037,65,0,3,9282
3574037,37,0,4,6729
3574037,101,1,3,12502
1052103,66,1,3,32743
1052103,37,0,3,20183
1052103,49,1,5,35978
1052103,90,0,4,13972
1052103,86,1,3,9601
1052103,11,1,3,8897
1052103,88,1,4,18114
1052103,27,0,4,6513
1052103,83,0,3,5427
1052103,52,1,4,8881
7602059,61,1,3,23527
7602059,42,0,5,18022
7602059,24,0,5,12914
7602059,53,1,2,9842
7602059,59,0,3,28803
7602059,3,0,5,13726
7602059,41,0,5,27591
7602059,78,1,2,13520
7602059,28,0,4,10866
7602059,97,1,3,36438
2084711,59,1,2,18085
2084711,34,0,4,8790
2084711,101,1,2,12089
2084711,63,1,3,11774
2084711,39,0,4,16885
2084711,45,0,5,14603
2084711,50,1,4,26210
2084711,60,1,1,4493
2084711,29,0,3,14804
2084711,30,0,4,7549
1537360,46,0,4,54561
1537360,9,1,3,8126
1537360,29,0,4,8383
1537360,85,0,4,7751
1537360,41,0,4,7622
1537360,56,1,4,4830
1537360,58,1,3,4353
1537360,31,0,4,4658
1537360,64,1,4,3692
1537360,93,0,4,4953
3399480,92,1,3,63862
3399480,34,0,3,37775
3399480,86,1,3,22124
3399480,51,0,3,21238
3399480,33,0,3,26610
3399480,76,1,3,7448
3399480,30,1,3,16056
3399480,42,0,3,8919
3399480,56,1,3,21198
3399480,74,1,3,24401
6421658,56,1,2,24544
6421658,58,1,2,16631
6421658,8,1,3,8706
6421658,72,0,2,7569
6421658,12,0,2,9009
6421658,44,0,5,6847
6421658,83,0,4,6592
6421658,81,1,4,5151
6421658,63,0,4,8371
6421658,22,1,2,6610
5160766,56,1,3,39554
5160766,66,0,3,34630
5160766,47,0,4,10377
5160766,39,0,4,16823
5160766,59,1,3,24841
5160766,8,1,3,11048
5160766,3,1,3,6687
5160766,57,0,3,10953
5160766,21,0,2,18183
5160766,50,0,3,14887
6551913,98,1,1,22417
6551913,76,1,2,31175
6551913,104,0,3,11264
6551913,78,0,1,20892
6551913,41,0,3,14185
6551913,81,1,1,15746
6551913,35,0,2,14957
6551913,89,0,4,8134
6551913,66,1,2,13159
6551913,59,0,2,13737
4479468,32,1,4,12553
4479468,38,1,3,33719
4479468,46,0,3,17912
4479468,54,0,2,14777
4479468,33,1,2,37519
4479468,68,1,1,14009
4479468,82,1,4,11064
4479468,18,1,3,21112
4479468,12,0,2,11214
4479468,34,0,2,6041
9104096,67,1,2,17029
9104096,69,1,2,16921
9104096,80,0,3,33025
9104096,62,0,2,17854
9104096,46,0,4,17924
9104096,91,1,3,27735
9104096,94,1,4,21033
9104096,47,1,4,33847
9104096,7,0,4,34803
9104096,72,1,1,11799
7357113,96,1,3,27011
7357113,79,1,3,17648
7357113,99,1,2,7001
7357113,37,2,-1,8477
7357113,76,1,2,9407
7357113,32,0,2,8343
7357113,46,0,4,13921
7357113,63,1,3,9939
7357113,23,0,4,8521
7357113,90,0,4,8722
9675122,60,1,1,19190
9675122,58,1,2,88010
9675122,99,0,3,37856
9675122,59,1,2,78902
9675122,23,0,4,36590
9675122,71,1,3,35953
9675122,92,0,4,68351
9675122,4,1,4,93752
9675122,36,1,4,227530
9675122,28,0,4,22187
9415530,3,1,2,18732
9415530,37,0,4,14872
9415530,65,1,2,13519
9415530,92,1,2,5959
9415530,19,0,2,5878
9415530,15,1,2,9927
9415530,50,0,3,10849
9415530,33,1,2,10415
9415530,93,0,3,5488
9415530,52,1,2,7633
8175479,4,0,3,39603
8175479,73,1,4,30309
8175479,66,0,2,24198
8175479,70,0,3,14380
8175479,43,0,3,16648
8175479,6,1,3,14040
8175479,56,1,4,31815
8175479,83,0,4,8017
8175479,57,0,3,17353
8175479,59,1,4,23171
6188909,56,1,2,31789
6188909,55,0,4,22626
6188909,86,0,5,21539
6188909,87,0,3,33219
6188909,102,1,2,33052
6188909,29,1,1,16747
6188909,13,1,4,30044
6188909,47,0,5,22164
6188909,85,1,3,28046
6188909,14,0,4,24082
5986876,94,1,3,43919
5986876,7,0,4,37102
5986876,39,0,5,24598
5986876,50,1,3,26935
5986876,99,1,2,17817
5986876,25,0,4,13892
5986876,6,0,3,30803
5986876,28,0,4,13263
5986876,69,0,3,28454
5986876,40,1,4,21539
9997310,47,1,5,32924
9997310,13,1,3,6300
9997310,2,0,4,7228
9997310,41,2,-1,4700
9997310,44,0,4,8591
9997310,91,0,2,6974
9997310,67,1,1,10669
9997310,45,0,3,5108
9997310,55,0,2,6184
9997310,63,1,3,5301
5998976,13,1,2,36698
5998976,53,1,3,37681
5998976,33,0,4,25647
5998976,102,0,2,25207
5998976,77,1,2,29528
5998976,98,0,2,41366
5998976,70,1,2,37948
5998976,86,0,4,32853
5998976,101,1,2,42145
5998976,28,0,3,30865
8960501,39,1,2,26422
8960501,34,0,4,47676
8960501,48,0,3,19721
8960501,104,0,2,31766
8960501,36,0,2,37633
8960501,9,1,4,11406
8960501,84,1,3,33078
8960501,52,1,3,19733
8960501,54,1,4,12485
8960501,77,1,2,18787
4583093,37,0,4,36216
4583093,98,1,3,38573
4583093,50,0,5,34468
4583093,65,1,2,73522
4583093,8,0,3,44044
4583093,71,1,3,60557
4583093,69,0,2,97892
4583093,64,1,5,105101
4583093,19,0,5,41770
4583093,100,0,4,579094
7837501,8,1,2,34916
7837501,91,0,1,29376
7837501,28,1,4,36345
7837501,82,0,3,23454
7837501,77,1,1,35852
7837501,72,0,3,34892
7837501,94,0,2,38221
7837501,27,1,2,32137
7837501,9,0,3,30435
7837501,96,0,4,21913
2781600,89,0,3,36267
2781600,39,1,2,31776
2781600,15,1,1,33768
2781600,61,1,2,39671
2781600,51,0,4,34687
2781600,68,0,2,39712
2781600,67,1,1,35128
2781600,7,0,3,35864
2781600,63,0,4,34495
2781600,32,1,2,33039
3307859,5,1,3,39128
3307859,92,0,4,36516
3307859,80,1,2,41998
3307859,38,0,5,35882
3307859,85,1,4,34144
3307859,25,0,5,39322
3307859,21,1,5,34578
3307859,54,0,5,37464
3307859,87,1,4,32364
3307859,67,1,4,55282
5040836,19,1,2,31788
5040836,100,0,5,41143
5040836,42,1,4,47126
5040836,97,1,2,34505
5040836,92,1,4,38408
5040836,104,0,5,35334
5040836,12,0,5,37737
5040836,90,1,3,36382
5040836,45,1,4,34999
5040836,64,1,3,35372
9927794,63,1,2,31366
9927794,34,0,4,32660
9927794,87,1,3,40230
9927794,43,0,3,30236
9927794,68,0,3,24708
9927794,14,1,3,31560
9927794,71,1,2,23902
9927794,84,0,4,15304
9927794,79,0,3,35680
9927794,67,1,3,13854
7914728,43,1,2,16588
7914728,48,0,4,18576
7914728,45,0,3,16768
7914728,41,0,5,31682
7914728,31,0,3,35036
7914728,100,0,5,18128
7914728,64,1,1,21554
7914728,101,0,4,25164
7914728,60,1,1,10824
7914728,40,0,5,16358
5985250,60,1,1,11993
5985250,33,0,3,19327
5985250,93,1,1,14081
5985250,87,0,3,18439
5985250,18,2,-1,6473
5985250,6,1,2,9143
5985250,37,0,2,6049
5985250,55,1,2,14687
5985250,65,1,2,13096
5985250,85,0,3,7320
4495756,67,1,2,37482
4495756,73,0,3,5529
4495756,11,0,3,8228
4495756,104,0,4,7165
4495756,25,0,4,5839
4495756,18,0,4,6547
4495756,48,0,2,4453
4495756,42,0,1,8296
4495756,100,0,4,8498
4495756,95,1,2,6055
4307248,24,1,2,28538
4307248,44,1,2,34566
4307248,76,0,4,20462
4307248,49,0,4,14164
4307248,38,1,2,24976
4307248,22,1,3,70612
4307248,7,0,4,22850
4307248,14,1,2,37840
4307248,88,1,2,21986
4307248,43,0,3,29648
4506219,43,1,2,12741
4506219,104,0,4,15788
4506219,45,0,4,16837
4506219,83,0,5,10369
4506219,3,1,1,8876
4506219,15,1,3,15795
4506219,78,1,2,14296
4506219,48,1,3,13402
4506219,73,1,2,10482
4506219,65,1,2,13334
3068777,102,0,2,58461
3068777,59,1,3,33464
3068777,18,0,4,32303
3068777,56,1,2,34743
3068777,49,0,4,33448
3068777,5,0,4,33288
3068777,85,1,2,32855
3068777,4,0,4,32560
3068777,58,1,1,35480
3068777,6,0,3,32648
3525792,27,1,2,29576
3525792,99,1,3,26821
3525792,15,0,4,24577
3525792,39,1,2,20318
3525792,29,0,4,19792
3525792,40,0,4,21416
3525792,56,1,2,20853
3525792,47,1,2,10996
3525792,37,1,2,22614
3525792,17,1,3,24394
9461466,37,1,5,35069
9461466,52,1,3,23135
9461466,16,1,2,16914
9461466,59,1,2,32950
9461466,94,1,3,36134
9461466,27,1,3,48324
9461466,68,0,2,10051
9461466,100,0,4,31101
9461466,15,1,2,10548
9461466,81,2,-1,17731
3429249,41,1,1,26959
3429249,34,1,1,8719
3429249,9,0,1,17229
3429249,57,1,1,14798
3429249,10,0,4,8217
3429249,13,1,3,19963
3429249,14,1,1,10269
3429249,92,0,5,8800
3429249,15,1,1,5460
3429249,60,1,2,10403
8432132,21,0,3,23435
8432132,17,0,3,48423
8432132,96,1,2,21639
8432132,29,1,3,29887
8432132,28,0,3,13967
8432132,92,1,3,13152
8432132,26,0,3,21144
8432132,35,1,3,19712
8432132,7,0,3,19640
8432132,37,0,3,9608
8961302,95,1,3,39191
8961302,91,0,3,32118
8961302,86,0,4,25692
8961302,33,0,5,9650
8961302,84,1,4,60662
8961302,92,1,3,45626
8961302,44,0,5,15545
8961302,2,0,3,11100
8961302,32,0,4,8394
8961302,35,0,4,11840
7684373,38,0,4,16175
7684373,25,0,5,4266
7684373,85,0,5,24098
7684373,21,0,4,10023
7684373,46,0,5,19086
7684373,99,1,3,19457
7684373,98,1,3,29961
7684373,66,1,3,14461
7684373,24,0,4,8585
7684373,36,0,5,9821
9413950,100,0,4,15542
9413950,69,0,3,33705
9413950,59,1,2,32410
9413950,80,1,1,10505
9413950,57,1,3,32641
9413950,70,0,4,9561
9413950,77,1,2,8054
9413950,99,1,3,17043
9413950,61,1,2,11012
9413950,12,0,4,4626
6032820,33,0,3,72264
6032820,85,1,4,39200
6032820,76,1,2,64928
6032820,12,0,3,59392
6032820,87,1,2,55208
6032820,50,1,2,37360
6032820,71,1,2,27216
6032820,25,0,3,34704
6032820,54,1,3,33248
6032820,15,1,2,31032
9973169,33,0,3,72264
9973169,85,1,4,39200
9973169,76,1,2,64928
9973169,12,0,3,59392
9973169,87,1,2,55208
9973169,50,1,2,37360
9973169,71,1,2,27216
9973169,25,0,3,34704
9973169,54,1,3,33248
9973169,15,1,2,31032
4921279,53,1,2,21547
4921279,24,0,3,23246
4921279,82,0,2,41889
4921279,73,1,1,18509
4921279,71,1,1,12048
4921279,37,0,3,36040
4921279,15,1,3,32368
4921279,58,1,1,10488
4921279,104,0,3,19679
4921279,3,1,2,22967
8868037,37,0,3,20929
8868037,29,0,3,3599
8868037,44,0,3,6248
8868037,25,0,4,14954
8868037,16,1,2,17142
8868037,102,0,3,28024
8868037,42,1,3,20952
8868037,39,1,3,14079
8868037,54,1,3,3863
8868037,60,1,3,3112
1530550,23,1,4,23450
1530550,91,2,-1,3628
1530550,54,1,4,9479
1530550,49,0,3,9793
1530550,11,0,4,9379
1530550,36,0,5,7148
1530550,71,1,4,6269
1530550,60,1,5,4309
1530550,80,0,4,8831
1530550,9,1,4,7780